{"assets/images/elementsArtboard 1.svg":["assets/images/elementsArtboard 1.svg"],"assets/images/logo.png":["assets/images/logo.png","assets/images/1.5x/logo.png","assets/images/2.0x/logo.png","assets/images/3.0x/logo.png","assets/images/4.0x/logo.png"],"assets/images/logo_blue.png":["assets/images/logo_blue.png"],"assets/images/logo_qh.png":["assets/images/logo_qh.png","assets/images/1.5x/logo_qh.png","assets/images/2.0x/logo_qh.png","assets/images/3.0x/logo_qh.png","assets/images/4.0x/logo_qh.png"],"assets/images/qubic_android.png":["assets/images/qubic_android.png"],"assets/images/qubic_final_logo_all_blue.png":["assets/images/qubic_final_logo_all_blue.png"],"assets/launcher-icons/icon-1024x1024 - old.png":["assets/launcher-icons/icon-1024x1024 - old.png"],"assets/launcher-icons/icon-1024x1024-transparent.png":["assets/launcher-icons/icon-1024x1024-transparent.png"],"assets/launcher-icons/icon-1024x1024.png":["assets/launcher-icons/icon-1024x1024.png"],"assets/launcher-icons/icon-128x128.png":["assets/launcher-icons/icon-128x128.png"],"assets/launcher-icons/icon-710x599-android.old.png":["assets/launcher-icons/icon-710x599-android.old.png"],"assets/launcher-icons/icon-710x599-android.png":["assets/launcher-icons/icon-710x599-android.png"],"assets/launcher-icons/windows.ico":["assets/launcher-icons/windows.ico"],"assets/qubic_js/index-1-1.html":["assets/qubic_js/index-1-1.html"],"assets/qubic_js/readme.me":["assets/qubic_js/readme.me"],"packages/flutter_inappwebview/assets/t_rex_runner/t-rex.css":["packages/flutter_inappwebview/assets/t_rex_runner/t-rex.css"],"packages/flutter_inappwebview/assets/t_rex_runner/t-rex.html":["packages/flutter_inappwebview/assets/t_rex_runner/t-rex.html"],"packages/flutter_inappwebview/assets/web/web_support.js":["packages/flutter_inappwebview/assets/web/web_support.js"],"packages/flutter_multi_formatter/flags/png/ad.png":["packages/flutter_multi_formatter/flags/png/ad.png"],"packages/flutter_multi_formatter/flags/png/ae.png":["packages/flutter_multi_formatter/flags/png/ae.png"],"packages/flutter_multi_formatter/flags/png/af.png":["packages/flutter_multi_formatter/flags/png/af.png"],"packages/flutter_multi_formatter/flags/png/ag.png":["packages/flutter_multi_formatter/flags/png/ag.png"],"packages/flutter_multi_formatter/flags/png/ai.png":["packages/flutter_multi_formatter/flags/png/ai.png"],"packages/flutter_multi_formatter/flags/png/al.png":["packages/flutter_multi_formatter/flags/png/al.png"],"packages/flutter_multi_formatter/flags/png/am.png":["packages/flutter_multi_formatter/flags/png/am.png"],"packages/flutter_multi_formatter/flags/png/an.png":["packages/flutter_multi_formatter/flags/png/an.png"],"packages/flutter_multi_formatter/flags/png/ao.png":["packages/flutter_multi_formatter/flags/png/ao.png"],"packages/flutter_multi_formatter/flags/png/aq.png":["packages/flutter_multi_formatter/flags/png/aq.png"],"packages/flutter_multi_formatter/flags/png/ar.png":["packages/flutter_multi_formatter/flags/png/ar.png"],"packages/flutter_multi_formatter/flags/png/as.png":["packages/flutter_multi_formatter/flags/png/as.png"],"packages/flutter_multi_formatter/flags/png/at.png":["packages/flutter_multi_formatter/flags/png/at.png"],"packages/flutter_multi_formatter/flags/png/au.png":["packages/flutter_multi_formatter/flags/png/au.png"],"packages/flutter_multi_formatter/flags/png/aw.png":["packages/flutter_multi_formatter/flags/png/aw.png"],"packages/flutter_multi_formatter/flags/png/ax.png":["packages/flutter_multi_formatter/flags/png/ax.png"],"packages/flutter_multi_formatter/flags/png/az.png":["packages/flutter_multi_formatter/flags/png/az.png"],"packages/flutter_multi_formatter/flags/png/ba.png":["packages/flutter_multi_formatter/flags/png/ba.png"],"packages/flutter_multi_formatter/flags/png/bb.png":["packages/flutter_multi_formatter/flags/png/bb.png"],"packages/flutter_multi_formatter/flags/png/bd.png":["packages/flutter_multi_formatter/flags/png/bd.png"],"packages/flutter_multi_formatter/flags/png/be.png":["packages/flutter_multi_formatter/flags/png/be.png"],"packages/flutter_multi_formatter/flags/png/bf.png":["packages/flutter_multi_formatter/flags/png/bf.png"],"packages/flutter_multi_formatter/flags/png/bg.png":["packages/flutter_multi_formatter/flags/png/bg.png"],"packages/flutter_multi_formatter/flags/png/bh.png":["packages/flutter_multi_formatter/flags/png/bh.png"],"packages/flutter_multi_formatter/flags/png/bi.png":["packages/flutter_multi_formatter/flags/png/bi.png"],"packages/flutter_multi_formatter/flags/png/bj.png":["packages/flutter_multi_formatter/flags/png/bj.png"],"packages/flutter_multi_formatter/flags/png/bl.png":["packages/flutter_multi_formatter/flags/png/bl.png"],"packages/flutter_multi_formatter/flags/png/bm.png":["packages/flutter_multi_formatter/flags/png/bm.png"],"packages/flutter_multi_formatter/flags/png/bn.png":["packages/flutter_multi_formatter/flags/png/bn.png"],"packages/flutter_multi_formatter/flags/png/bo.png":["packages/flutter_multi_formatter/flags/png/bo.png"],"packages/flutter_multi_formatter/flags/png/bq.png":["packages/flutter_multi_formatter/flags/png/bq.png"],"packages/flutter_multi_formatter/flags/png/br.png":["packages/flutter_multi_formatter/flags/png/br.png"],"packages/flutter_multi_formatter/flags/png/bs.png":["packages/flutter_multi_formatter/flags/png/bs.png"],"packages/flutter_multi_formatter/flags/png/bt.png":["packages/flutter_multi_formatter/flags/png/bt.png"],"packages/flutter_multi_formatter/flags/png/bv.png":["packages/flutter_multi_formatter/flags/png/bv.png"],"packages/flutter_multi_formatter/flags/png/bw.png":["packages/flutter_multi_formatter/flags/png/bw.png"],"packages/flutter_multi_formatter/flags/png/by.png":["packages/flutter_multi_formatter/flags/png/by.png"],"packages/flutter_multi_formatter/flags/png/bz.png":["packages/flutter_multi_formatter/flags/png/bz.png"],"packages/flutter_multi_formatter/flags/png/ca.png":["packages/flutter_multi_formatter/flags/png/ca.png"],"packages/flutter_multi_formatter/flags/png/cc.png":["packages/flutter_multi_formatter/flags/png/cc.png"],"packages/flutter_multi_formatter/flags/png/cd.png":["packages/flutter_multi_formatter/flags/png/cd.png"],"packages/flutter_multi_formatter/flags/png/cf.png":["packages/flutter_multi_formatter/flags/png/cf.png"],"packages/flutter_multi_formatter/flags/png/cg.png":["packages/flutter_multi_formatter/flags/png/cg.png"],"packages/flutter_multi_formatter/flags/png/ch.png":["packages/flutter_multi_formatter/flags/png/ch.png"],"packages/flutter_multi_formatter/flags/png/ci.png":["packages/flutter_multi_formatter/flags/png/ci.png"],"packages/flutter_multi_formatter/flags/png/ck.png":["packages/flutter_multi_formatter/flags/png/ck.png"],"packages/flutter_multi_formatter/flags/png/cl.png":["packages/flutter_multi_formatter/flags/png/cl.png"],"packages/flutter_multi_formatter/flags/png/cm.png":["packages/flutter_multi_formatter/flags/png/cm.png"],"packages/flutter_multi_formatter/flags/png/cn.png":["packages/flutter_multi_formatter/flags/png/cn.png"],"packages/flutter_multi_formatter/flags/png/co.png":["packages/flutter_multi_formatter/flags/png/co.png"],"packages/flutter_multi_formatter/flags/png/cr.png":["packages/flutter_multi_formatter/flags/png/cr.png"],"packages/flutter_multi_formatter/flags/png/cu.png":["packages/flutter_multi_formatter/flags/png/cu.png"],"packages/flutter_multi_formatter/flags/png/cv.png":["packages/flutter_multi_formatter/flags/png/cv.png"],"packages/flutter_multi_formatter/flags/png/cw.png":["packages/flutter_multi_formatter/flags/png/cw.png"],"packages/flutter_multi_formatter/flags/png/cx.png":["packages/flutter_multi_formatter/flags/png/cx.png"],"packages/flutter_multi_formatter/flags/png/cy.png":["packages/flutter_multi_formatter/flags/png/cy.png"],"packages/flutter_multi_formatter/flags/png/cz.png":["packages/flutter_multi_formatter/flags/png/cz.png"],"packages/flutter_multi_formatter/flags/png/de.png":["packages/flutter_multi_formatter/flags/png/de.png"],"packages/flutter_multi_formatter/flags/png/dj.png":["packages/flutter_multi_formatter/flags/png/dj.png"],"packages/flutter_multi_formatter/flags/png/dk.png":["packages/flutter_multi_formatter/flags/png/dk.png"],"packages/flutter_multi_formatter/flags/png/dm.png":["packages/flutter_multi_formatter/flags/png/dm.png"],"packages/flutter_multi_formatter/flags/png/do.png":["packages/flutter_multi_formatter/flags/png/do.png"],"packages/flutter_multi_formatter/flags/png/dz.png":["packages/flutter_multi_formatter/flags/png/dz.png"],"packages/flutter_multi_formatter/flags/png/ec.png":["packages/flutter_multi_formatter/flags/png/ec.png"],"packages/flutter_multi_formatter/flags/png/ee.png":["packages/flutter_multi_formatter/flags/png/ee.png"],"packages/flutter_multi_formatter/flags/png/eg.png":["packages/flutter_multi_formatter/flags/png/eg.png"],"packages/flutter_multi_formatter/flags/png/eh.png":["packages/flutter_multi_formatter/flags/png/eh.png"],"packages/flutter_multi_formatter/flags/png/er.png":["packages/flutter_multi_formatter/flags/png/er.png"],"packages/flutter_multi_formatter/flags/png/es.png":["packages/flutter_multi_formatter/flags/png/es.png"],"packages/flutter_multi_formatter/flags/png/et.png":["packages/flutter_multi_formatter/flags/png/et.png"],"packages/flutter_multi_formatter/flags/png/eu.png":["packages/flutter_multi_formatter/flags/png/eu.png"],"packages/flutter_multi_formatter/flags/png/fi.png":["packages/flutter_multi_formatter/flags/png/fi.png"],"packages/flutter_multi_formatter/flags/png/fj.png":["packages/flutter_multi_formatter/flags/png/fj.png"],"packages/flutter_multi_formatter/flags/png/fk.png":["packages/flutter_multi_formatter/flags/png/fk.png"],"packages/flutter_multi_formatter/flags/png/fm.png":["packages/flutter_multi_formatter/flags/png/fm.png"],"packages/flutter_multi_formatter/flags/png/fo.png":["packages/flutter_multi_formatter/flags/png/fo.png"],"packages/flutter_multi_formatter/flags/png/fr.png":["packages/flutter_multi_formatter/flags/png/fr.png"],"packages/flutter_multi_formatter/flags/png/ga.png":["packages/flutter_multi_formatter/flags/png/ga.png"],"packages/flutter_multi_formatter/flags/png/gb-eng.png":["packages/flutter_multi_formatter/flags/png/gb-eng.png"],"packages/flutter_multi_formatter/flags/png/gb-nir.png":["packages/flutter_multi_formatter/flags/png/gb-nir.png"],"packages/flutter_multi_formatter/flags/png/gb-sct.png":["packages/flutter_multi_formatter/flags/png/gb-sct.png"],"packages/flutter_multi_formatter/flags/png/gb-wls.png":["packages/flutter_multi_formatter/flags/png/gb-wls.png"],"packages/flutter_multi_formatter/flags/png/gb.png":["packages/flutter_multi_formatter/flags/png/gb.png"],"packages/flutter_multi_formatter/flags/png/gd.png":["packages/flutter_multi_formatter/flags/png/gd.png"],"packages/flutter_multi_formatter/flags/png/ge.png":["packages/flutter_multi_formatter/flags/png/ge.png"],"packages/flutter_multi_formatter/flags/png/gf.png":["packages/flutter_multi_formatter/flags/png/gf.png"],"packages/flutter_multi_formatter/flags/png/gg.png":["packages/flutter_multi_formatter/flags/png/gg.png"],"packages/flutter_multi_formatter/flags/png/gh.png":["packages/flutter_multi_formatter/flags/png/gh.png"],"packages/flutter_multi_formatter/flags/png/gi.png":["packages/flutter_multi_formatter/flags/png/gi.png"],"packages/flutter_multi_formatter/flags/png/gl.png":["packages/flutter_multi_formatter/flags/png/gl.png"],"packages/flutter_multi_formatter/flags/png/gm.png":["packages/flutter_multi_formatter/flags/png/gm.png"],"packages/flutter_multi_formatter/flags/png/gn.png":["packages/flutter_multi_formatter/flags/png/gn.png"],"packages/flutter_multi_formatter/flags/png/gp.png":["packages/flutter_multi_formatter/flags/png/gp.png"],"packages/flutter_multi_formatter/flags/png/gq.png":["packages/flutter_multi_formatter/flags/png/gq.png"],"packages/flutter_multi_formatter/flags/png/gr.png":["packages/flutter_multi_formatter/flags/png/gr.png"],"packages/flutter_multi_formatter/flags/png/gs.png":["packages/flutter_multi_formatter/flags/png/gs.png"],"packages/flutter_multi_formatter/flags/png/gt.png":["packages/flutter_multi_formatter/flags/png/gt.png"],"packages/flutter_multi_formatter/flags/png/gu.png":["packages/flutter_multi_formatter/flags/png/gu.png"],"packages/flutter_multi_formatter/flags/png/gw.png":["packages/flutter_multi_formatter/flags/png/gw.png"],"packages/flutter_multi_formatter/flags/png/gy.png":["packages/flutter_multi_formatter/flags/png/gy.png"],"packages/flutter_multi_formatter/flags/png/hk.png":["packages/flutter_multi_formatter/flags/png/hk.png"],"packages/flutter_multi_formatter/flags/png/hm.png":["packages/flutter_multi_formatter/flags/png/hm.png"],"packages/flutter_multi_formatter/flags/png/hn.png":["packages/flutter_multi_formatter/flags/png/hn.png"],"packages/flutter_multi_formatter/flags/png/hr.png":["packages/flutter_multi_formatter/flags/png/hr.png"],"packages/flutter_multi_formatter/flags/png/ht.png":["packages/flutter_multi_formatter/flags/png/ht.png"],"packages/flutter_multi_formatter/flags/png/hu.png":["packages/flutter_multi_formatter/flags/png/hu.png"],"packages/flutter_multi_formatter/flags/png/id.png":["packages/flutter_multi_formatter/flags/png/id.png"],"packages/flutter_multi_formatter/flags/png/ie.png":["packages/flutter_multi_formatter/flags/png/ie.png"],"packages/flutter_multi_formatter/flags/png/il.png":["packages/flutter_multi_formatter/flags/png/il.png"],"packages/flutter_multi_formatter/flags/png/im.png":["packages/flutter_multi_formatter/flags/png/im.png"],"packages/flutter_multi_formatter/flags/png/in.png":["packages/flutter_multi_formatter/flags/png/in.png"],"packages/flutter_multi_formatter/flags/png/io.png":["packages/flutter_multi_formatter/flags/png/io.png"],"packages/flutter_multi_formatter/flags/png/iq.png":["packages/flutter_multi_formatter/flags/png/iq.png"],"packages/flutter_multi_formatter/flags/png/ir.png":["packages/flutter_multi_formatter/flags/png/ir.png"],"packages/flutter_multi_formatter/flags/png/is.png":["packages/flutter_multi_formatter/flags/png/is.png"],"packages/flutter_multi_formatter/flags/png/it.png":["packages/flutter_multi_formatter/flags/png/it.png"],"packages/flutter_multi_formatter/flags/png/je.png":["packages/flutter_multi_formatter/flags/png/je.png"],"packages/flutter_multi_formatter/flags/png/jm.png":["packages/flutter_multi_formatter/flags/png/jm.png"],"packages/flutter_multi_formatter/flags/png/jo.png":["packages/flutter_multi_formatter/flags/png/jo.png"],"packages/flutter_multi_formatter/flags/png/jp.png":["packages/flutter_multi_formatter/flags/png/jp.png"],"packages/flutter_multi_formatter/flags/png/ke.png":["packages/flutter_multi_formatter/flags/png/ke.png"],"packages/flutter_multi_formatter/flags/png/kg.png":["packages/flutter_multi_formatter/flags/png/kg.png"],"packages/flutter_multi_formatter/flags/png/kh.png":["packages/flutter_multi_formatter/flags/png/kh.png"],"packages/flutter_multi_formatter/flags/png/ki.png":["packages/flutter_multi_formatter/flags/png/ki.png"],"packages/flutter_multi_formatter/flags/png/km.png":["packages/flutter_multi_formatter/flags/png/km.png"],"packages/flutter_multi_formatter/flags/png/kn.png":["packages/flutter_multi_formatter/flags/png/kn.png"],"packages/flutter_multi_formatter/flags/png/kp.png":["packages/flutter_multi_formatter/flags/png/kp.png"],"packages/flutter_multi_formatter/flags/png/kr.png":["packages/flutter_multi_formatter/flags/png/kr.png"],"packages/flutter_multi_formatter/flags/png/kw.png":["packages/flutter_multi_formatter/flags/png/kw.png"],"packages/flutter_multi_formatter/flags/png/ky.png":["packages/flutter_multi_formatter/flags/png/ky.png"],"packages/flutter_multi_formatter/flags/png/kz.png":["packages/flutter_multi_formatter/flags/png/kz.png"],"packages/flutter_multi_formatter/flags/png/la.png":["packages/flutter_multi_formatter/flags/png/la.png"],"packages/flutter_multi_formatter/flags/png/lb.png":["packages/flutter_multi_formatter/flags/png/lb.png"],"packages/flutter_multi_formatter/flags/png/lc.png":["packages/flutter_multi_formatter/flags/png/lc.png"],"packages/flutter_multi_formatter/flags/png/li.png":["packages/flutter_multi_formatter/flags/png/li.png"],"packages/flutter_multi_formatter/flags/png/lk.png":["packages/flutter_multi_formatter/flags/png/lk.png"],"packages/flutter_multi_formatter/flags/png/lr.png":["packages/flutter_multi_formatter/flags/png/lr.png"],"packages/flutter_multi_formatter/flags/png/ls.png":["packages/flutter_multi_formatter/flags/png/ls.png"],"packages/flutter_multi_formatter/flags/png/lt.png":["packages/flutter_multi_formatter/flags/png/lt.png"],"packages/flutter_multi_formatter/flags/png/lu.png":["packages/flutter_multi_formatter/flags/png/lu.png"],"packages/flutter_multi_formatter/flags/png/lv.png":["packages/flutter_multi_formatter/flags/png/lv.png"],"packages/flutter_multi_formatter/flags/png/ly.png":["packages/flutter_multi_formatter/flags/png/ly.png"],"packages/flutter_multi_formatter/flags/png/ma.png":["packages/flutter_multi_formatter/flags/png/ma.png"],"packages/flutter_multi_formatter/flags/png/mc.png":["packages/flutter_multi_formatter/flags/png/mc.png"],"packages/flutter_multi_formatter/flags/png/md.png":["packages/flutter_multi_formatter/flags/png/md.png"],"packages/flutter_multi_formatter/flags/png/me.png":["packages/flutter_multi_formatter/flags/png/me.png"],"packages/flutter_multi_formatter/flags/png/mf.png":["packages/flutter_multi_formatter/flags/png/mf.png"],"packages/flutter_multi_formatter/flags/png/mg.png":["packages/flutter_multi_formatter/flags/png/mg.png"],"packages/flutter_multi_formatter/flags/png/mh.png":["packages/flutter_multi_formatter/flags/png/mh.png"],"packages/flutter_multi_formatter/flags/png/mk.png":["packages/flutter_multi_formatter/flags/png/mk.png"],"packages/flutter_multi_formatter/flags/png/ml.png":["packages/flutter_multi_formatter/flags/png/ml.png"],"packages/flutter_multi_formatter/flags/png/mm.png":["packages/flutter_multi_formatter/flags/png/mm.png"],"packages/flutter_multi_formatter/flags/png/mn.png":["packages/flutter_multi_formatter/flags/png/mn.png"],"packages/flutter_multi_formatter/flags/png/mo.png":["packages/flutter_multi_formatter/flags/png/mo.png"],"packages/flutter_multi_formatter/flags/png/mp.png":["packages/flutter_multi_formatter/flags/png/mp.png"],"packages/flutter_multi_formatter/flags/png/mq.png":["packages/flutter_multi_formatter/flags/png/mq.png"],"packages/flutter_multi_formatter/flags/png/mr.png":["packages/flutter_multi_formatter/flags/png/mr.png"],"packages/flutter_multi_formatter/flags/png/ms.png":["packages/flutter_multi_formatter/flags/png/ms.png"],"packages/flutter_multi_formatter/flags/png/mt.png":["packages/flutter_multi_formatter/flags/png/mt.png"],"packages/flutter_multi_formatter/flags/png/mu.png":["packages/flutter_multi_formatter/flags/png/mu.png"],"packages/flutter_multi_formatter/flags/png/mv.png":["packages/flutter_multi_formatter/flags/png/mv.png"],"packages/flutter_multi_formatter/flags/png/mw.png":["packages/flutter_multi_formatter/flags/png/mw.png"],"packages/flutter_multi_formatter/flags/png/mx.png":["packages/flutter_multi_formatter/flags/png/mx.png"],"packages/flutter_multi_formatter/flags/png/my.png":["packages/flutter_multi_formatter/flags/png/my.png"],"packages/flutter_multi_formatter/flags/png/mz.png":["packages/flutter_multi_formatter/flags/png/mz.png"],"packages/flutter_multi_formatter/flags/png/na.png":["packages/flutter_multi_formatter/flags/png/na.png"],"packages/flutter_multi_formatter/flags/png/nc.png":["packages/flutter_multi_formatter/flags/png/nc.png"],"packages/flutter_multi_formatter/flags/png/ne.png":["packages/flutter_multi_formatter/flags/png/ne.png"],"packages/flutter_multi_formatter/flags/png/nf.png":["packages/flutter_multi_formatter/flags/png/nf.png"],"packages/flutter_multi_formatter/flags/png/ng.png":["packages/flutter_multi_formatter/flags/png/ng.png"],"packages/flutter_multi_formatter/flags/png/ni.png":["packages/flutter_multi_formatter/flags/png/ni.png"],"packages/flutter_multi_formatter/flags/png/nl.png":["packages/flutter_multi_formatter/flags/png/nl.png"],"packages/flutter_multi_formatter/flags/png/no.png":["packages/flutter_multi_formatter/flags/png/no.png"],"packages/flutter_multi_formatter/flags/png/np.png":["packages/flutter_multi_formatter/flags/png/np.png"],"packages/flutter_multi_formatter/flags/png/nr.png":["packages/flutter_multi_formatter/flags/png/nr.png"],"packages/flutter_multi_formatter/flags/png/nu.png":["packages/flutter_multi_formatter/flags/png/nu.png"],"packages/flutter_multi_formatter/flags/png/nz.png":["packages/flutter_multi_formatter/flags/png/nz.png"],"packages/flutter_multi_formatter/flags/png/om.png":["packages/flutter_multi_formatter/flags/png/om.png"],"packages/flutter_multi_formatter/flags/png/pa.png":["packages/flutter_multi_formatter/flags/png/pa.png"],"packages/flutter_multi_formatter/flags/png/pe.png":["packages/flutter_multi_formatter/flags/png/pe.png"],"packages/flutter_multi_formatter/flags/png/pf.png":["packages/flutter_multi_formatter/flags/png/pf.png"],"packages/flutter_multi_formatter/flags/png/pg.png":["packages/flutter_multi_formatter/flags/png/pg.png"],"packages/flutter_multi_formatter/flags/png/ph.png":["packages/flutter_multi_formatter/flags/png/ph.png"],"packages/flutter_multi_formatter/flags/png/pk.png":["packages/flutter_multi_formatter/flags/png/pk.png"],"packages/flutter_multi_formatter/flags/png/pl.png":["packages/flutter_multi_formatter/flags/png/pl.png"],"packages/flutter_multi_formatter/flags/png/pm.png":["packages/flutter_multi_formatter/flags/png/pm.png"],"packages/flutter_multi_formatter/flags/png/pn.png":["packages/flutter_multi_formatter/flags/png/pn.png"],"packages/flutter_multi_formatter/flags/png/pr.png":["packages/flutter_multi_formatter/flags/png/pr.png"],"packages/flutter_multi_formatter/flags/png/ps.png":["packages/flutter_multi_formatter/flags/png/ps.png"],"packages/flutter_multi_formatter/flags/png/pt.png":["packages/flutter_multi_formatter/flags/png/pt.png"],"packages/flutter_multi_formatter/flags/png/pw.png":["packages/flutter_multi_formatter/flags/png/pw.png"],"packages/flutter_multi_formatter/flags/png/py.png":["packages/flutter_multi_formatter/flags/png/py.png"],"packages/flutter_multi_formatter/flags/png/qa.png":["packages/flutter_multi_formatter/flags/png/qa.png"],"packages/flutter_multi_formatter/flags/png/re.png":["packages/flutter_multi_formatter/flags/png/re.png"],"packages/flutter_multi_formatter/flags/png/ro.png":["packages/flutter_multi_formatter/flags/png/ro.png"],"packages/flutter_multi_formatter/flags/png/rs.png":["packages/flutter_multi_formatter/flags/png/rs.png"],"packages/flutter_multi_formatter/flags/png/ru.png":["packages/flutter_multi_formatter/flags/png/ru.png"],"packages/flutter_multi_formatter/flags/png/rw.png":["packages/flutter_multi_formatter/flags/png/rw.png"],"packages/flutter_multi_formatter/flags/png/sa.png":["packages/flutter_multi_formatter/flags/png/sa.png"],"packages/flutter_multi_formatter/flags/png/sb.png":["packages/flutter_multi_formatter/flags/png/sb.png"],"packages/flutter_multi_formatter/flags/png/sc.png":["packages/flutter_multi_formatter/flags/png/sc.png"],"packages/flutter_multi_formatter/flags/png/sd.png":["packages/flutter_multi_formatter/flags/png/sd.png"],"packages/flutter_multi_formatter/flags/png/se.png":["packages/flutter_multi_formatter/flags/png/se.png"],"packages/flutter_multi_formatter/flags/png/sg.png":["packages/flutter_multi_formatter/flags/png/sg.png"],"packages/flutter_multi_formatter/flags/png/sh.png":["packages/flutter_multi_formatter/flags/png/sh.png"],"packages/flutter_multi_formatter/flags/png/si.png":["packages/flutter_multi_formatter/flags/png/si.png"],"packages/flutter_multi_formatter/flags/png/sj.png":["packages/flutter_multi_formatter/flags/png/sj.png"],"packages/flutter_multi_formatter/flags/png/sk.png":["packages/flutter_multi_formatter/flags/png/sk.png"],"packages/flutter_multi_formatter/flags/png/sl.png":["packages/flutter_multi_formatter/flags/png/sl.png"],"packages/flutter_multi_formatter/flags/png/sm.png":["packages/flutter_multi_formatter/flags/png/sm.png"],"packages/flutter_multi_formatter/flags/png/sn.png":["packages/flutter_multi_formatter/flags/png/sn.png"],"packages/flutter_multi_formatter/flags/png/so.png":["packages/flutter_multi_formatter/flags/png/so.png"],"packages/flutter_multi_formatter/flags/png/sr.png":["packages/flutter_multi_formatter/flags/png/sr.png"],"packages/flutter_multi_formatter/flags/png/ss.png":["packages/flutter_multi_formatter/flags/png/ss.png"],"packages/flutter_multi_formatter/flags/png/st.png":["packages/flutter_multi_formatter/flags/png/st.png"],"packages/flutter_multi_formatter/flags/png/sv.png":["packages/flutter_multi_formatter/flags/png/sv.png"],"packages/flutter_multi_formatter/flags/png/sx.png":["packages/flutter_multi_formatter/flags/png/sx.png"],"packages/flutter_multi_formatter/flags/png/sy.png":["packages/flutter_multi_formatter/flags/png/sy.png"],"packages/flutter_multi_formatter/flags/png/sz.png":["packages/flutter_multi_formatter/flags/png/sz.png"],"packages/flutter_multi_formatter/flags/png/tc.png":["packages/flutter_multi_formatter/flags/png/tc.png"],"packages/flutter_multi_formatter/flags/png/td.png":["packages/flutter_multi_formatter/flags/png/td.png"],"packages/flutter_multi_formatter/flags/png/tf.png":["packages/flutter_multi_formatter/flags/png/tf.png"],"packages/flutter_multi_formatter/flags/png/tg.png":["packages/flutter_multi_formatter/flags/png/tg.png"],"packages/flutter_multi_formatter/flags/png/th.png":["packages/flutter_multi_formatter/flags/png/th.png"],"packages/flutter_multi_formatter/flags/png/tj.png":["packages/flutter_multi_formatter/flags/png/tj.png"],"packages/flutter_multi_formatter/flags/png/tk.png":["packages/flutter_multi_formatter/flags/png/tk.png"],"packages/flutter_multi_formatter/flags/png/tl.png":["packages/flutter_multi_formatter/flags/png/tl.png"],"packages/flutter_multi_formatter/flags/png/tm.png":["packages/flutter_multi_formatter/flags/png/tm.png"],"packages/flutter_multi_formatter/flags/png/tn.png":["packages/flutter_multi_formatter/flags/png/tn.png"],"packages/flutter_multi_formatter/flags/png/to.png":["packages/flutter_multi_formatter/flags/png/to.png"],"packages/flutter_multi_formatter/flags/png/tr.png":["packages/flutter_multi_formatter/flags/png/tr.png"],"packages/flutter_multi_formatter/flags/png/tt.png":["packages/flutter_multi_formatter/flags/png/tt.png"],"packages/flutter_multi_formatter/flags/png/tv.png":["packages/flutter_multi_formatter/flags/png/tv.png"],"packages/flutter_multi_formatter/flags/png/tw.png":["packages/flutter_multi_formatter/flags/png/tw.png"],"packages/flutter_multi_formatter/flags/png/tz.png":["packages/flutter_multi_formatter/flags/png/tz.png"],"packages/flutter_multi_formatter/flags/png/ua.png":["packages/flutter_multi_formatter/flags/png/ua.png"],"packages/flutter_multi_formatter/flags/png/ug.png":["packages/flutter_multi_formatter/flags/png/ug.png"],"packages/flutter_multi_formatter/flags/png/um.png":["packages/flutter_multi_formatter/flags/png/um.png"],"packages/flutter_multi_formatter/flags/png/us.png":["packages/flutter_multi_formatter/flags/png/us.png"],"packages/flutter_multi_formatter/flags/png/uy.png":["packages/flutter_multi_formatter/flags/png/uy.png"],"packages/flutter_multi_formatter/flags/png/uz.png":["packages/flutter_multi_formatter/flags/png/uz.png"],"packages/flutter_multi_formatter/flags/png/va.png":["packages/flutter_multi_formatter/flags/png/va.png"],"packages/flutter_multi_formatter/flags/png/vc.png":["packages/flutter_multi_formatter/flags/png/vc.png"],"packages/flutter_multi_formatter/flags/png/ve.png":["packages/flutter_multi_formatter/flags/png/ve.png"],"packages/flutter_multi_formatter/flags/png/vg.png":["packages/flutter_multi_formatter/flags/png/vg.png"],"packages/flutter_multi_formatter/flags/png/vi.png":["packages/flutter_multi_formatter/flags/png/vi.png"],"packages/flutter_multi_formatter/flags/png/vn.png":["packages/flutter_multi_formatter/flags/png/vn.png"],"packages/flutter_multi_formatter/flags/png/vu.png":["packages/flutter_multi_formatter/flags/png/vu.png"],"packages/flutter_multi_formatter/flags/png/wf.png":["packages/flutter_multi_formatter/flags/png/wf.png"],"packages/flutter_multi_formatter/flags/png/ws.png":["packages/flutter_multi_formatter/flags/png/ws.png"],"packages/flutter_multi_formatter/flags/png/xk.png":["packages/flutter_multi_formatter/flags/png/xk.png"],"packages/flutter_multi_formatter/flags/png/ye.png":["packages/flutter_multi_formatter/flags/png/ye.png"],"packages/flutter_multi_formatter/flags/png/yt.png":["packages/flutter_multi_formatter/flags/png/yt.png"],"packages/flutter_multi_formatter/flags/png/za.png":["packages/flutter_multi_formatter/flags/png/za.png"],"packages/flutter_multi_formatter/flags/png/zm.png":["packages/flutter_multi_formatter/flags/png/zm.png"],"packages/flutter_multi_formatter/flags/png/zw.png":["packages/flutter_multi_formatter/flags/png/zw.png"],"packages/font_awesome_flutter/lib/fonts/fa-brands-400.ttf":["packages/font_awesome_flutter/lib/fonts/fa-brands-400.ttf"],"packages/font_awesome_flutter/lib/fonts/fa-regular-400.ttf":["packages/font_awesome_flutter/lib/fonts/fa-regular-400.ttf"],"packages/font_awesome_flutter/lib/fonts/fa-solid-900.ttf":["packages/font_awesome_flutter/lib/fonts/fa-solid-900.ttf"],"packages/window_manager/images/ic_chrome_close.png":["packages/window_manager/images/ic_chrome_close.png"],"packages/window_manager/images/ic_chrome_maximize.png":["packages/window_manager/images/ic_chrome_maximize.png"],"packages/window_manager/images/ic_chrome_minimize.png":["packages/window_manager/images/ic_chrome_minimize.png"],"packages/window_manager/images/ic_chrome_unmaximize.png":["packages/window_manager/images/ic_chrome_unmaximize.png"]}